"Maker","Model","Type","Fuel","Price","Cylinders","Displacement","DriveWheel","BHP","Torque","Acceleration","TopSpeed","MPG","Weight","Length","Width","Height","AdaptiveHeadlights","AdjustableSteering","AlarmSystem","Automatic","Bluetooth","ClimateControl","CruiseControl","ElectricSeats","Leather","ParkingSensors","PowerSteering","SatNav","ESP","Verdict","Origin"
"Alfa Romeo","Giulietta","Giulietta 1.6 JTDM-2 105 Veloce 5d","Diesel",21250,4,1598,"Front",105,236,11.3,115,64,1385,4351,1798,1465,"optional","standard","standard","no","standard","standard","standard","optional","optional","optional","standard","optional","standard",6,"Europe"
"Alfa Romeo","MiTo","MiTo 1.4 TB MultiAir 105 Distinctive 3d","Petrol",15155,4,1368,"Front",105,95,10.7,116,49,1090,4063,1720,1446,"optional","standard","standard","no","standard","optional","standard","no","optional","standard","standard","optional","standard",5,"Europe"
"Aston Martin","Cygnet","Cygnet 1.33 Standard 3d","Petrol",30995,4,1329,"Front",98,92,11.8,106,56,988,3078,1680,1500,"no","standard","no/optional","optional","standard","standard","standard","no","no","no","standard","standard","standard",7,"Europe"
"Aston Martin","DB9","DB9 6.0 517 Standard 2d 13MY","Petrol",131995,12,5935,"Rear",517,457,4.6,183,19,1785,4720,NA,1282,"standard","standard","no/optional","standard","standard","standard","standard","standard","standard","standard","standard","standard","standard",7,"Europe"
"Aston Martin","DB9 Volante","DB9 6.0 V12 517 Volante 2d 13MY","Petrol",141995,12,5935,"Rear",517,457,4.6,183,19,1890,4720,NA,1282,"standard","standard","no/optional","standard","standard","standard","standard","standard","standard","standard","standard","standard","standard",7,"Europe"
"Aston Martin","V12 Zagato","V12 Zagato 6.0 V12 Standard 2d","Petrol",396000,12,5935,"Rear",510,420,4.2,190,17,1680,4385,1865,1250,"no","standard","standard","no","standard","standard","standard","standard","standard","standard","standard","standard","standard",7,"Europe"
"Aston Martin","Vanquish","Vanquish 6.0 V12 Standard 2d","Petrol",189995,12,5935,"Rear",573,457,4.1,183,19,1739,4720,1910,1294,"standard","standard","standard","standard","standard","standard","standard","standard","standard","standard","standard","standard","standard",7,"Europe"
"Aston Martin","Vantage","V8 Vantage 4.7 V8 420 Standard 2d","Petrol",84995,8,4735,"Rear",420,346,4.7,180,20,1630,4385,1865,1260,"no","standard","standard","optional","optional","standard","optional","standard","standard","standard","standard","optional","standard",8,"Europe"
"Aston Martin","Vantage Roadster","V8 Vantage 4.7 420 Roadster 2d","Petrol",93995,8,4735,"Rear",420,346,4.7,180,20,1710,4385,1865,1270,"no","standard","standard","optional","optional","standard","optional","standard","standard","standard","standard","optional","standard",7,"Europe"
"Audi","A1","A1 1.2 TFSI 86 S line 3d","Petrol",17025,4,1197,"Front",86,118,11.7,112,55,1040,3954,1740,1416,"optional","standard","standard","no","standard","optional","optional","no","optional","optional","standard","optional","standard",6,"Europe"
"Audi","A3","A3 1.4 TFSI 122 S line 3d 2012","Petrol",22580,4,1395,"Front",122,147,9.3,126,54,1175,4237,1777,1421,"optional","standard","standard","no","standard","standard","optional","optional","optional","optional","standard","optional","standard",7,"Europe"
"Audi","A4","A4 2.0 TDI 177 Black Edition 4d","Diesel",31530,4,1968,"Front",177,280,8.2,143,61,1480,4701,1826,1477,"standard","standard","standard","no","standard","no","standard","optional","no","standard","standard","no","standard",6,"Europe"
"Audi","A4 Allroad","A4 Allroad 2.0 TFSI 225 quattro Standard 5d Avant","Petrol",33525,4,1984,"4WD",225,258,6.5,149,40,1610,4699,1826,1436,"standard","standard","standard","standard","standard","no","standard","optional","no","standard","standard","no","standard",5,"Europe"
"Audi","A5","A5 Coupe 3.0 TDI 204 S line 2d","Diesel",36620,6,2967,"Front",204,295,7.1,146,57,1565,4626,1854,1372,"standard","standard","standard","standard","standard","standard","standard","optional","standard","standard","standard","optional","standard",7,"Europe"
"Audi","A5 Sportback","A5 Sportback 2.0 TFSI 211 quattro SE 5d","Petrol",33265,4,1984,"4WD",211,258,6.6,150,40,1615,4712,1854,1391,"standard","standard","standard","standard","standard","standard","optional","optional","standard","standard","standard","optional","standard",6,"Europe"
"Audi","A6 Avant","A6 3.0 TDI 245 quattro S Line 5d Avant","Diesel",44310,6,2967,"4WD",245,427,6.3,151,47,1790,4926,1874,1461,"standard","standard","standard","standard","standard","standard","standard","optional","standard","standard","standard","standard","standard",7,"Europe"
"Audi","A6 Saloon","A6 3.0 TDI 245 quattro SE 4d","Diesel",39960,6,2967,"4WD",245,427,6.1,155,47,1720,4915,1874,1455,"standard","standard","standard","standard","standard","standard","standard","optional","standard","standard","standard","standard","standard",6,"Europe"
"Audi","A7 Sportback","A7 Sportback 3.0 TFSI quattro SE 5d","Petrol",49095,6,2995,"4WD",300,324,5.6,155,34,1770,4969,1911,1420,"standard","standard","standard","standard","standard","standard","standard","standard","standard","standard","standard","standard","standard",6,"Europe"
"Audi","A8","A8 4.2 TDI 350 quattro SE Executive 4d","Diesel",68785,6,4134,"4WD",350,590,5.5,155,38,1995,5137,1949,1460,"standard","standard","standard","standard","standard","standard","standard","standard","standard","standard","standard","standard","standard",8,"Europe"
"Audi","Q3","Q3 2.0 TDI 140 quattro S line 5d","Diesel",29260,4,1968,"4WD",140,236,9.9,122,49,1535,4385,1831,1608,"standard","standard","standard","no","standard","standard","optional","no","no","standard","standard","optional","standard",5,"Europe"
"Audi","Q5","Q5 2.0 TDI 143 quattro S line 5d","Diesel",32570,4,1968,"4WD",143,236,11.4,118,45,1755,4629,1880,1653,"standard","standard","standard","no","optional","standard","optional","optional","standard","standard","standard","optional","standard",7,"Europe"
"Audi","Q7","Q7 3.0 TDI 245 quattro S Line 5d","Diesel",46485,6,2967,"4WD",245,405,7.8,135,38,2300,5089,1983,1737,"standard","standard","standard","standard","standard","standard","standard","standard","standard","standard","standard","optional","standard",6,"Europe"
"Audi","R8","R8 4.2 V8 430 Coupe 2d","Petrol",91575,8,4163,"4WD",430,317,4.6,188,19,1560,4440,1904,1252,"standard","standard","standard","optional","standard","standard","optional","optional","standard","optional","standard","standard","standard",9,"Europe"
"Audi","R8 V10","R8 5.2 V10 525 Spyder 2d","Petrol",121375,10,5204,"4WD",525,390,3.1,194,19,1720,4440,1904,1244,"standard","standard","standard","optional","standard","standard","optional","standard","standard","optional","standard","standard","standard",9,"Europe"
"Audi","RS4 Avant","A4 4.2 V8 RS 4 5d Avant","Petrol",54925,8,4163,"4WD",450,317,4.7,155,26,1795,4719,1850,1416,"standard","standard","standard","standard","standard","standard","standard","standard","standard","standard","no","standard","standard",7,"Europe"
"Audi","TT Coupe","TT 2.0 TFSI 211 quattro Coupe S line 2011 2d","Petrol",32140,4,1984,"4WD",211,258,5.6,150,39,1360,4178,1842,1352,"optional","standard","standard","standard","optional","standard","optional","optional","standard","optional","standard","optional","standard",7,"Europe"
"Audi","TT Roadster","TT 2.0 TFSI 211 quattro Roadster S line 2011 2d","Petrol",34120,4,1984,"4WD",211,258,5.8,149,38,1405,4178,1842,1358,"optional","standard","standard","standard","optional","standard","optional","optional","standard","optional","standard","optional","standard",8,"Europe"
"Bentley","Continental","Continental GT 6.0 W12 575 GT 2d","Petrol",137760,12,5998,"4WD",575,516,4.4,198,17,2320,4806,1944,1404,"standard","standard","standard","standard","standard","standard","standard","standard","standard","standard","standard","standard","standard",8,"Europe"
"Bentley","Continental GTC","Continental GT 4.0 V8 500 GTC 2d","Petrol",136250,8,3993,"4WD",500,487,4.7,187,25,2470,4806,1920,1403,"standard","standard","standard","standard","no","standard","no","standard","standard","standard","standard","no","standard",8,"Europe"
"Bentley","Flying Spur","Flying Spur 6.0 W12","Petrol",133200,12,5998,"Rear",556,479,4.9,195,17,2475,5290,1920,1475,"no","standard","standard","standard","standard","standard","standard","standard","standard","standard","standard","standard","standard",8,"Europe"
"Bentley","Mulsanne","Mulsanne 6.75 V8 Standard 4d","Petrol",226955,8,6750,"Rear",512,752,5.1,184,16,2585,5562,1926,1526,"standard","standard","standard","standard","standard","standard","standard","standard","standard","standard","standard","standard","standard",8,"Europe"
"BMW","1 Series","118d SE 5d","Diesel",22240,4,1995,"Rear",143,236,8.9,132,62,1395,4324,1765,1421,"optional","standard","no/optional","optional","standard","standard","no","no","optional","optional","standard","optional","standard",7,"Europe"
"BMW","1 Series Convertible","120d SE Convertible 2d","Diesel",27990,4,1995,"Rear",173,258,8.1,138,56,1585,4360,1748,1411,"no","standard","standard","optional","optional","standard","optional","optional","optional","standard","standard","optional","standard",6,"Europe"
"BMW","1 Series Coupe","120i M Sport Coupe 2d","Petrol",25975,4,1995,"Rear",170,154,7.8,139,43,1375,4360,1748,1423,"optional","standard","standard","optional","optional","standard","optional","optional","optional","standard","standard","optional","standard",8,"Europe"
"BMW","3 Series","328i Luxury 4d 2012","Petrol",31560,4,1997,"Rear",245,258,5.9,155,44,1430,4624,1811,1429,"standard","standard","no/optional","optional","standard","standard","standard","optional","standard","standard","standard","optional","standard",9,"Europe"
"BMW","3 Series Convertible","325i M Sport 2d Convertible","Petrol",39075,6,2996,"Rear",218,199,7.6,152,37,1730,4580,1782,1384,"no","standard","standard","optional","optional","standard","standard","standard","standard","standard","standard","optional","standard",7,"Europe"
"BMW","4 Series Coupe","428i Luxury 2d","Petrol",35095,4,1997,"Rear",245,258,5.9,155,42,1525,4638,1825,1362,"standard","standard","no/optional","optional","standard","standard","standard","optional","standard","standard","standard","standard","standard",8,"Europe"
"BMW","6 Series","640i M Sport 2d Coupe","Petrol",64230,6,2979,"Rear",320,331,5.4,155,36,1735,4894,1894,1369,"standard","standard","standard","standard","standard","standard","standard","standard","standard","standard","standard","standard","standard",6,"Europe"
"BMW","6 Series Convertible","640i M Sport 2d Convertible","Petrol",70110,6,2979,"Rear",320,331,5.7,155,35,1915,4894,1894,1365,"standard","standard","standard","standard","standard","standard","standard","standard","standard","standard","standard","standard","standard",6,"Europe"
"BMW","6 Series Gran Coupe","640d Gran Coupe 3.0d 313 SE 4d","Diesel",63895,6,2993,"Rear",313,464,5.4,155,50,1865,5007,1894,1392,"standard","standard","standard","standard","standard","standard","standard","standard","standard","standard","standard","standard","standard",8,"Europe"
"BMW","7 Series","750i Standard 4d","Petrol",71340,8,4395,"Rear",449,479,4.8,155,32,2015,5079,1902,1471,"standard","standard","standard","standard","standard","standard","standard","standard","standard","standard","standard","standard","standard",7,"Europe"
"BMW","i3","i3 EV Range Extender 5d","Petrol",33830,2,647,"Rear",170,184,7.9,93,470,1315,3999,1775,1578,"no","standard","no/optional","standard","standard","standard","standard","no","optional","optional","standard","standard","standard",8,"Europe"
"BMW","M3","M3 4.0 V8 2010 2d Convertible","Petrol",58640,8,3999,"Rear",420,295,5.3,155,22,1885,4615,1804,1392,"no","standard","standard","optional","optional","standard","standard","standard","standard","standard","standard","optional","standard",8,"Europe"
"BMW","M6","M6 4.4 V8 TT 2d Coupe","Petrol",93820,8,4395,"Rear",560,501,4.2,155,28,NA,4898,1899,1368,"no","no","no/optional","standard","no","no","no","no","no","no","no","no","no",7,"Europe"
"BMW","X1","X1 sDrive20d xLine 5d","Diesel",28090,4,1995,"Rear",184,280,7.8,136,57,NA,4477,1798,1545,"no","standard","no/optional","optional","standard","standard","optional","optional","standard","standard","standard","optional","standard",7,"Europe"
"BMW","X3","X3 xDrive20d M Sport 2010 5d","Diesel",33830,4,1995,"4WD",184,280,8.5,130,50,1790,4648,1881,1675,"no","standard","standard","optional","optional","standard","standard","no","standard","standard","standard","optional","standard",7,"Europe"
"BMW","X5","X5 xDrive50i SE 5d","Petrol",60020,8,4395,"4WD",449,479,5,155,27,2175,4896,1938,1762,"standard","standard","standard","standard","standard","standard","standard","standard","standard","standard","standard","standard","standard",7,"Europe"
"BMW","X6","X6 xDrive50i 5d","Petrol",57910,8,4395,"4WD",408,442,5.4,149,22,2265,4877,1983,1690,"standard","standard","standard","standard","standard","standard","standard","standard","standard","standard","standard","optional","standard",4,"Europe"
"BMW","Z4","Z4 sDrive28i M Sport 2d","Petrol",36810,4,1997,"Rear",245,258,5.7,155,41,1490,4239,1790,1291,"no","standard","no/optional","optional","optional","no","optional","optional","standard","optional","standard","optional","standard",5,"Europe"
"Bugatti","Veyron","Veyron 8.0 W16 Grand Sport 2d","Petrol",1139985,16,7993,"4WD",987,922,2.5,252,10,1990,4462,1998,1204,"no","standard","standard","standard","standard","standard","standard","standard","standard","standard","standard","standard","standard",9,"Europe"
"Caterham","CSR","CSR 2.3 260 260","Petrol",44995,4,2261,"Rear",260,200,3.1,155,NA,575,3300,1685,1140,"no","no","no/optional","no","no","no","no","no","optional","no","no","no","no",7,"Europe"
"Caterham","Super 7","Seven 1.6 125 Roadsport 2d","Petrol",22995,4,1596,"Rear",125,120,5.9,112,NA,550,3380,1575,1115,"no","no","no/optional","no","no","no","no","no","optional","no","no","no","no",8,"Europe"
"Chevrolet","Aveo","Aveo 1.3 VCDi 75 LT 5d 2012","Diesel",12585,4,1248,"Front",75,140,14.1,101,74,1172,4039,1735,1517,"no","standard","no/optional","no","standard","no","standard","no","no","no","standard","no","standard",5,"USA"
"Chevrolet","Camaro","Camaro 6.2 V8 Standard 2d Convertible","Petrol",39995,8,6162,"Rear",432,419,5.6,155,20,1890,4836,1918,1376,"no","no","no/optional","optional","no","standard","no","no","no","no","no","no","standard",6,"USA"
"Chevrolet","Captiva","Captiva 2.2 VCDi 184 4WD LT 5d","Petrol",27695,4,2231,"4WD",184,295,9.3,124,42,1855,4675,1850,1725,"standard","no","standard","optional","standard","standard","standard","no","no","standard","standard","no","standard",4,"USA"
"Chevrolet","Cruze","Cruze 2.0 VCDi LS 4d","Diesel",16670,4,1991,"Front",125,221,10.3,122,51,1427,4597,1788,1477,"no","standard","standard","no","no","no","no","no","no","standard","standard","no","standard",4,"USA"
"Chevrolet","Orlando","Orlando 2.0 VCDi 130 LT 5d","Diesel",18645,4,1998,"Front",130,232,9.9,121,47,1655,4652,1836,1633,"no","standard","standard","no","no","standard","no","no","no","standard","standard","no","standard",6,"USA"
"Chevrolet","Spark","Spark 1.2 LS 5d","Petrol",9595,4,1206,"Front",81,81,12.1,102,55,864,3640,1597,1522,"no","no","no/optional","no","no","no","no","no","no","no","standard","no","optional",5,"USA"
"Chevrolet","Volt","Volt 1.4 EREV Standard 5d","Petrol",35255,4,1398,"Front",86,272,9,99,235,1732,4498,1787,1439,"no","no","standard","standard","standard","standard","no","no","standard","standard","standard","no","standard",7,"USA"
"Chrysler","300C","300C 3.0 CRD Executive 4d","Diesel",39995,6,2998,"Rear",236,399,7.4,144,39,2117,5066,1902,1488,"standard","standard","standard","standard","standard","standard","standard","standard","standard","standard","standard","standard","standard",6,"USA"
"Chrysler","Delta","Delta 1.4 M-Air 140 SE 5d","Petrol",17995,4,1368,"Front",140,170,9.2,126,49,1395,4520,1797,1497,"optional","standard","standard","no","optional","optional","optional","no","optional","optional","standard","optional","standard",5,"USA"
"Chrysler","Grand Voyager","Grand Voyager 2.8 CRD SR 5d","Diesel",30245,4,2777,"Front",178,265,12.8,115,35,2305,5218,1998,1818,"no","no","standard","no","standard","standard","standard","standard","no","standard","standard","optional","standard",5,"USA"
"Chrysler","Ypsilon","Ypsilon 1.2 SE 5d","Petrol",11995,4,1242,"Front",69,75,14,101,57,965,3842,1676,1520,"no","no","no/optional","no","optional","optional","optional","no","no","optional","standard","no","optional",6,"USA"
"Citroen","C1","C1 1.0 68 VTR 3d","Petrol",8995,3,998,NA,68,70,14.2,100,65,NA,NA,NA,NA,"no","no","no/optional","no","optional","no","no","no","no","no","no","no","optional",7,"Europe"
"Citroen","C3","C3 1.4 HDi 70 VTR+ 5d","Diesel",14590,4,1398,"Front",70,118,13.5,101,74,1145,3941,1728,1524,"no","standard","no/optional","no","standard","no","no","no","no","no","standard","optional","optional",6,"Europe"
"Citroen","C3 Picasso","C3 Picasso 1.6 HDi 90 VTR+ 5d","Diesel",15395,4,1560,"Front",90,169,13.5,108,62,1329,4078,1766,1631,"optional","standard","no/optional","no","standard","optional","standard","no","no","no","standard","no","no",7,"Europe"
"Citroen","C4","C4 1.6 HDi 110 VTR+ 5d","Diesel",19045,4,1560,"Front",110,199,11.3,118,61,1440,4329,1789,1491,"optional","standard","no/optional","no","standard","optional","standard","no","no","standard","standard","optional","standard",5,"Europe"
"Citroen","C4 Picasso","C4 Picasso 1.6 e-HDi 115 Airdream VTR+ 5d","Diesel",20255,4,1560,"Front",115,199,11.8,117,70,1298,4428,1826,1610,"standard","no","no/optional","optional","standard","standard","no","no","no","standard","no","optional","standard",7,"Europe"
"Citroen","C5","C5 1.6 e-HDi 110 Airdream EGS6 VTR+ NAV 4d","Diesel",22195,4,1560,"Front",110,199,12.6,118,61,1525,4779,1860,1451,"standard","no","standard","standard","standard","standard","standard","optional","optional","optional","no","standard","standard",6,"Europe"
"Citroen","C5 Tourer","C5 1.6 e-HDi 110 Airdream EGS6 VTR+ NAV 5d Tourer","Diesel",23295,NA,NA,NA,NA,NA,0,NA,NA,NA,NA,NA,NA,"no","no","no/optional","standard","no","no","no","optional","optional","no","no","no","standard",8,"Europe"
"Citroen","DS3","DS3 1.6 THP 155 DSport 3d","Petrol",17050,4,1598,"Front",115,177,7.3,133,47,1223,3948,1715,1483,"no","standard","standard","no","no","standard","standard","no","no","no","standard","no","standard",8,"Europe"
"Citroen","DS4","DS4 1.6 THP 155 EGS6 DStyle 5d","Petrol",21450,4,1598,"Front",155,177,9.9,133,43,1420,4275,1810,1523,"standard","standard","standard","standard","standard","standard","standard","no","optional","standard","standard","optional","standard",6,"Europe"
"Citroen","DS5","DS5 2.0 HDi Hybrid4 200 Airdream DSign 5d","Diesel",27600,4,1997,"4WD",200,221,8.3,131,80,1856,4530,1871,1539,"standard","standard","standard","standard","standard","standard","standard","optional","optional","optional","standard","optional","standard",6,"Europe"
"Corvette","C6","6.2 V8 Convertible LHD","Petrol",68462,8,6162,"Rear",437,424,4.3,186,21,1460,4435,1844,1246,"no","no","standard","optional","no","standard","standard","standard","standard","no","standard","optional","standard",7,"USA"
"Dacia","Duster","Duster 1.5 dCi 110 4x2 Ambiance 5d","Diesel",11495,4,1461,"Front",110,177,11.8,106,56,1205,4315,1822,1695,"no","no","no/optional","no","standard","no","no","no","no","no","standard","no","optional",6,"Europe"
"Dacia","Sandero","Sandero 1.2 75 Laureate 5d","Petrol",7995,4,1149,"Front",75,78,14.5,97,47,941,4058,1732,1518,"no","no","no/optional","no","optional","no","standard","no","optional","optional","standard","optional","standard",6,"Europe"
"Ferrari","458","458 Italia 4.5 V8 Spider 2d","Petrol",198936,8,4499,"Rear",562,398,3.4,198,21,1430,4527,1937,1211,"no","standard","standard","standard","standard","standard","optional","optional","standard","optional","standard","optional","standard",10,"Europe"
"Ferrari","California","California 4.3 V8 30 2d","Petrol",152116,8,4297,"Rear",490,369,3.8,194,21,1600,NA,NA,NA,"standard","standard","standard","no","standard","standard","optional","standard","standard","standard","standard","standard","standard",7,"Europe"
"Ferrari","F12","F12 6.3 V12 berlinetta 2d","Petrol",239317,12,6262,"Rear",740,508,3.1,211,18,NA,4618,1942,1273,"standard","standard","no/optional","standard","standard","standard","standard","standard","standard","standard","standard","standard","standard",9,"Europe"
"Ferrari","FF","FF 6.3 V12 4d","Petrol",227107,12,6262,"4WD",660,503,3.7,208,18,1790,4905,1955,1380,"standard","standard","standard","standard","standard","standard","standard","standard","standard","standard","standard","standard","standard",NA,"Europe"
"Fiat","500","500 1.3 MultiJet 95 Pop 3d","Petrol",12300,4,1248,"Front",95,150,11.7,111,72,980,3546,1627,1488,"no","no","no/optional","no","optional","optional","no","no","optional","optional","standard","no","optional",7,"Europe"
"Fiat","500 Abarth","Abarth 500 1.4 T-Jet 160 595 Turismo 3d","Petrol",17725,4,1368,"Front",160,169,7.4,131,43,1075,3660,1630,1490,"no","no","no/optional","optional","standard","optional","no","no","optional","standard","standard","optional","standard",7,"Europe"
"Fiat","500L","500L 0.9 TwinAir 105 Easy 5d","Petrol",16490,2,875,"Front",105,106,12.3,112,58,1260,4147,1784,1667,"optional","standard","no/optional","no","standard","optional","standard","no","no","standard","standard","no","standard",7,"Europe"
"Fiat","Bravo","Bravo Series 2 1.4 MultiAir 140 Easy 5d","Petrol",17300,4,1368,"Front",140,169,8.9,126,49,1275,4336,1792,1498,"optional","standard","no/optional","no","standard","optional","optional","no","optional","optional","standard","no","standard",5,"Europe"
"Fiat","Doblo","Doblo 1.6 MultiJet 105 Active 2010 5d","Diesel",15700,4,1598,"Front",105,213,13.4,102,54,1410,4390,1832,1845,"no","standard","no/optional","no","no","no","no","no","no","no","standard","no","standard",4,"Europe"
"Fiat","Panda","Panda 0.9 TwinAir 85 Lounge 5d","Petrol",11250,2,875,"Front",85,106,11.2,110,67,1050,3653,1643,1551,"no","no","no/optional","optional","optional","optional","no","no","no","optional","standard","optional","optional",8,"Europe"
"Fiat","Punto Evo","Punto 1.4 MultiAir Abarth 3d","Petrol",17495,4,1368,"Front",165,184,7.9,132,47,1100,4064,1726,1490,"no","standard","no/optional","no","standard","optional","standard","no","no","no","standard","no","standard",5,"Europe"
"Ford","B-Max","B-Max 1.5 TDCi 75 Zetec 5d","Diesel",16995,4,1496,"Front",75,140,16.5,98,68,NA,NA,NA,NA,"no","standard","standard","no","standard","no","no","no","no","optional","standard","no","standard",7,"USA"
"Ford","C-Max","C-Max 1.6 TDCi 115 Titanium 5d","Diesel",20695,4,1560,"Front",115,199,11.3,114,61,1390,4380,1828,1626,"standard","standard","standard","no","standard","standard","standard","no","no","optional","standard","optional","standard",6,"USA"
"Ford","Fiesta","Fiesta 1.0 80 Titanium 5d","Petrol",14845,3,999,"Front",80,77,14.9,103,65,1045,3969,1722,1468,"standard","standard","standard","no","optional","standard","standard","no","optional","optional","standard","no","standard",8,"USA"
"Ford","Focus","Focus 2.0 TDCi 140 Zetec 2011 5d","Diesel",19895,4,1997,"Front",140,236,8.9,129,56,1421,4358,1823,1484,"no","standard","standard","optional","standard","no","no","no","no","optional","standard","optional","standard",7,"USA"
"Ford","Focus Estate","Focus 2.0 TDCi 140 Zetec 2011 5d Est","Diesel",20995,4,1997,"Front",140,236,9.1,129,56,1460,4556,1823,1505,"no","standard","standard","optional","standard","no","no","no","no","optional","standard","optional","standard",7,"USA"
"Ford","Focus ST","Focus 2.0T 250 ST 5d Est","Petrol",23095,4,1999,"Front",250,250,6.5,154,39,1386,4566,1823,1505,"no","standard","standard","no","no","no","no","no","no","no","standard","no","standard",9,"USA"
"Ford","Galaxy","Galaxy 2.0 TDCi 163 Titanium 2010 5d","Diesel",27445,4,1997,"Front",163,250,9.5,126,49,1733,4820,1884,1764,"standard","standard","standard","optional","standard","standard","standard","optional","optional","standard","standard","optional","standard",7,"USA"
"Ford","Kuga","Kuga 2.0 TDCi 140 FWD Titanium X 5d","Diesel",26795,4,1997,"Front",140,250,10.6,118,53,NA,4524,1838,1702,"standard","standard","standard","no","standard","standard","standard","standard","standard","optional","standard","optional","standard",7,"USA"
"Ford","Mondeo","Mondeo 2.0 TDCi 163 Zetec Business Edition 5d","Diesel",21795,4,NA,"Front",NA,NA,0,NA,NA,NA,4882,1886,1500,"optional","standard","no/optional","optional","no","no","standard","no","no","standard","standard","standard","standard",7,"USA"
"Ford","S-MAX","S-Max 2.0 203 Ecoboost Titanium 2010 5d","Petrol",25615,4,1999,"Front",203,221,8.2,137,34,1676,4768,1884,1658,"standard","standard","standard","standard","standard","standard","standard","no","optional","standard","standard","optional","standard",8,"USA"
"Honda","Accord","Accord 2.2 i-DTEC ES GT 5d Tourer","Diesel",26640,4,2199,NA,150,258,9.8,128,51,1598,4750,1840,1470,"no","standard","standard","optional","standard","standard","standard","no","no","no","standard","no","standard",5,"Asia"
"Honda","Civic","Civic 2.2 i-DTEC ES 5d","Diesel",21495,4,2199,"Front",150,258,8.5,135,67,1367,4300,1770,1470,"standard","standard","standard","no","standard","standard","standard","no","no","no","standard","optional","standard",6,"Asia"
"Honda","CR-V","CR-V 2.2 i-DTEC 4WD SE 5d","Diesel",26105,4,2199,"4WD",150,258,9.7,118,50,1653,4570,1820,1685,"standard","standard","standard","optional","standard","standard","standard","no","no","standard","standard","optional","standard",5,"Asia"
"Honda","CR-Z","CR-Z 1.5 hybrid 137 GT 3d","Petrol",23050,4,1497,"Front",137,140,9.5,124,54,NA,4075,1740,1395,"standard","standard","no/optional","no","standard","standard","standard","no","standard","standard","standard","optional","standard",7,"Asia"
"Honda","Insight","Insight 1.3 hybrid HS 5d","Petrol",20335,4,1339,"Front",98,123,12.5,113,65,1243,4395,1695,1435,"standard","standard","no/optional","standard","optional","standard","standard","no","no","standard","standard","optional","standard",4,"Asia"
"Honda","Jazz","Jazz 1.4 i-VTEC ES-T 2012 5d","Petrol",14745,4,1339,"Front",98,94,11.8,113,50,1112,3900,1695,1525,"no","standard","standard","optional","standard","standard","no","no","no","no","standard","standard","standard",6,"Asia"
"Hyundai","i10","i10 1.0 66 Blue Drive SE 5d","Petrol",9595,3,998,"Front",66,69,15.1,96,65,933,3665,1660,1500,"no","no","no/optional","no","no","standard","no","no","no","no","standard","no","standard",7,"Asia"
"Hyundai","i20","i20 1.4 Active 5d","Petrol",12095,4,1396,"Front",99,101,12.9,106,54,1156,3995,1710,1490,"no","standard","no/optional","optional","standard","no","no","no","no","no","standard","no","standard",5,"Asia"
"Hyundai","i30","i30 1.4 CRDi 90 Active 5d","Petrol",17245,4,1396,"Front",89,162,13.5,106,68,1401,4300,1780,1470,"no","standard","no/optional","no","standard","no","standard","no","optional","standard","standard","no","standard",5,"Asia"
"Hyundai","i40","i40 1.7 CRDi 136 Style 4d","Diesel",20995,4,1685,"Front",136,240,10.6,124,55,1601,4740,1815,1470,"no","standard","no/optional","optional","standard","standard","standard","no","no","standard","standard","standard","standard",7,"Asia"
"Hyundai","i800","i800 2.5 CRDi","Diesel",21155,4,2497,"Front",168,289,14.5,112,33,2270,5125,1920,1925,"no","no","standard","no","no","no","no","no","optional","standard","standard","optional","standard",4,"Asia"
"Hyundai","ix20","ix20 1.4 CRDi 90 Active 5d","Diesel",14445,4,1396,"Front",89,162,14.5,104,65,1268,4100,1765,1600,"no","standard","standard","no","standard","no","no","no","no","standard","standard","optional","standard",4,"Asia"
"Hyundai","ix35","ix35 2.0 CRDi 136 4WD Style 5d","Diesel",20650,4,1995,"4WD",134,236,10.2,112,49,1679,4410,1820,1660,"no","standard","standard","no","standard","no","no","no","no","standard","standard","no","standard",5,"Asia"
"Hyundai","Santa Fe","Santa Fe 2.2 CRDi 4WD Style 5d 7st","Diesel",28095,4,2199,"4WD",197,311,9.8,118,46,NA,4690,1820,1865,"no","standard","standard","optional","standard","no","no","no","no","standard","standard","no","standard",7,"Asia"
"Hyundai","Veloster","Veloster 1.6 GDI Sport 4d","Petrol",20495,4,1591,"Front",138,123,9.7,125,43,1236,4220,1790,1399,"no","standard","standard","optional","standard","standard","standard","no","standard","standard","standard","optional","standard",7,"Asia"
"Infiniti","EX","EX37 3.7 V6 GT 5d","Petrol",41930,6,3696,"4WD",320,265,6.4,149,25,1876,4635,1800,1600,"standard","standard","standard","standard","standard","standard","standard","standard","standard","standard","standard","standard","standard",6,"Asia"
"Infiniti","FX","FX37 3.7 V6 Premium 5d","Petrol",51200,6,3696,"4WD",320,265,6.8,149,23,2012,4865,1925,1680,"standard","standard","standard","standard","standard","standard","standard","no","no","standard","standard","standard","standard",6,"Asia"
"Infiniti","G37","G37 Coupe 3.7 V6 S 2d","Petrol",38247,6,3696,"Rear",320,265,5.9,155,26,1718,4655,1820,1387,"standard","standard","no/optional","standard","standard","standard","standard","standard","no","standard","standard","no","standard",4,"Asia"
"Infiniti","M","M37 GT Premium 4d","Petrol",44050,6,3696,"Rear",320,265,6.2,155,27,1715,4945,1845,1500,"standard","standard","standard","standard","standard","standard","standard","standard","standard","standard","standard","standard","standard",4,"Asia"
"Jaguar","F-Type","F-Type 3.0 V6 SC 380 S 2d","Petrol",67520,6,2995,"Rear",380,339,4.9,171,31,1614,4470,1923,1308,"optional","standard","standard","standard","standard","standard","standard","standard","standard","standard","standard","standard","standard",9,"Europe"
"Jaguar","XF","XF 3.0D 240 Premium Luxury 4d","Diesel",40105,6,2993,"Rear",240,369,7.1,149,47,1770,4961,1877,1460,"standard","standard","standard","standard","standard","standard","standard","standard","standard","standard","standard","standard","standard",7,"Europe"
"Jaguar","XF Sportbrake","XF Sportbrake 2.2D 200 Premium Luxury 5d est","Petrol",39690,4,2179,"Rear",200,332,8.8,134,55,1824,4966,1877,1480,"standard","standard","standard","standard","standard","standard","standard","standard","standard","standard","standard","standard","standard",8,"Europe"
"Jaguar","XFR","XF 5.0 V8 S/C 510 XFR 4d","Petrol",65380,8,5000,"Rear",510,461,4.9,155,25,1875,4961,1877,1460,"standard","standard","standard","standard","standard","standard","standard","standard","standard","standard","standard","standard","standard",8,"Europe"
"Jaguar","XJ Series","XJ L 3.0 S/C 340 Portfolio 4d","Petrol",75815,6,2995,"Rear",340,332,5.9,155,30,1799,5252,1899,1457,"no","standard","standard","standard","standard","standard","standard","standard","standard","standard","standard","standard","standard",7,"Europe"
"Jaguar","XK","XK 5.0 V8 SC XKR 2d Coupe","Petrol",78550,8,5000,"Rear",510,461,4.6,155,23,1753,NA,NA,NA,"standard","standard","standard","standard","standard","standard","standard","standard","standard","standard","standard","standard","standard",7,"Europe"
"Jeep","Compass","Compass 2.4 CVT 4x4 Limited 5d","Petrol",22310,4,2360,"4WD",168,162,10.7,116,32,1530,4448,1812,1663,"no","no","standard","no","standard","standard","standard","standard","standard","no","standard","optional","standard",6,"USA"
"Jeep","Grand Cherokee","Grand cherokee 3.0 V6 CRD 247 Overland 5d","Diesel",45695,6,2987,"4WD",247,420,8.2,126,37,2328,4828,1943,1792,"standard","standard","no/optional","standard","standard","no","standard","standard","standard","standard","standard","standard","standard",5,"USA"
"Jeep","Wrangler","Wrangler 2.8 CRD Sahara auto 2d","Diesel",25995,4,2777,"4WD",197,339,12.9,107,34,2075,4223,1873,1840,"no","no","standard","standard","standard","no","standard","no","no","no","standard","optional","standard",3,"USA"
"Kia","Cee'd","cee'd 1.6 CRDi 126 ISG 2 5d Sportswagon","Diesel",19295,4,1582,"Front",126,192,10.8,120,64,1420,4505,1780,1485,"no","standard","standard","optional","standard","no","standard","no","no","standard","standard","no","standard",7,"Asia"
"Kia","Optima","Optima 1.7 CRDi 134 2 Luxe 4d","Diesel",21695,4,1685,"Front",134,239,10.2,125,57,1559,4845,1830,1455,"standard","standard","standard","optional","standard","standard","standard","standard","standard","standard","standard","no","standard",6,"Asia"
"Kia","Picanto","Picanto 1.0 City 3d","Petrol",10245,3,998,"Front",68,70,13.9,95,67,1015,3595,1595,1480,"standard","standard","no/optional","no","standard","no","no","no","no","standard","standard","no","standard",7,"Asia"
"Kia","Rio","Rio 1.1 CRDi EcoDynamics 1 Air 5d","Diesel",12695,3,1120,"Front",74,125,15.5,98,78,1191,4045,1720,1455,"no","no","no/optional","no","no","no","no","no","no","no","standard","no","standard",6,"Asia"
"Kia","Sorento","Sorento 2.2 CRDi 194 KX-2 5d","Diesel",28895,4,2199,"4WD",194,311,9.4,118,47,NA,4685,1895,1735,"standard","standard","no/optional","optional","no","standard","standard","no","no","standard","standard","optional","standard",5,"Asia"
"Kia","Soul","Soul 1.6 GDi Quantum 5d","Petrol",15600,4,1591,"Front",138,122,10,112,44,1245,4120,1785,1610,"no","no","no/optional","no","standard","standard","no","no","standard","standard","standard","no","standard",6,"Asia"
"Kia","Sportage","Sportage 2.0 AWD KX-2 5d","Petrol",21535,4,1998,"4WD",161,143,10.3,113,37,1525,4440,1855,1645,"no","standard","no/optional","optional","standard","no","standard","no","no","standard","standard","no","standard",6,"Asia"
"Kia","Venga","Venga 1.4 CRDi 89 1 Air 5d","Diesel",13695,4,1396,"Front",89,162,14,103,62,1345,4068,1765,1600,"no","standard","standard","no","no","no","no","no","no","no","standard","no","standard",4,"Asia"
"Lamborghini","Aventador","Aventador 6.5 V12 LP700-4 2d","Petrol",265865,12,6498,"4WD",700,509,2.9,217,17,1575,4780,2030,1136,"standard","standard","standard","standard","standard","standard","standard","no","standard","standard","standard","standard","standard",8,"Europe"
"Lamborghini","Gallardo","Gallardo 5.2 V10 LP 560-4 2d Spyder","Petrol",170947,10,5204,"4WD",560,398,4,201,19,NA,NA,NA,NA,"no","no","no/optional","no","no","no","no","no","no","no","no","no","no",7,"Europe"
"Land Rover","Defender","Defender 2.2D County 5d 110","Diesel",28195,4,2198,"4WD",122,265,14.7,90,25,2120,4785,1790,1790,"no","no","no/optional","no","optional","no","no","no","no","no","no","no","no",8,"Europe"
"Land Rover","Discovery 4","Discovery 4 3.0 SDV6 255 XS 5d 2012","Diesel",44195,6,2993,"4WD",256,443,8.8,112,32,2583,4829,NA,1887,"no","standard","standard","standard","standard","standard","standard","no","standard","standard","standard","standard","standard",9,"Europe"
"Land Rover","Freelander 2","Freelander 2 2.2 eD4 150 Dynamic 5d","Diesel",32300,4,2179,"Front",150,310,11.7,112,47,1710,4500,2005,1740,"standard","standard","no/optional","no","no","standard","standard","standard","standard","standard","standard","no","standard",7,"Europe"
"Land Rover","Range Rover","Range Rover 4.4 SDV8 Vogue SE 5d","Diesel",84695,8,4367,"4WD",339,516,6.5,135,32,2360,4999,2073,1835,"standard","standard","standard","standard","standard","standard","standard","standard","standard","standard","standard","standard","standard",9,"Europe"
"Land Rover","Range Rover Evoque","Evoque 2.2 eD4 150 2WD Prestige 5d","Diesel",36495,4,2179,"Front",150,280,10.6,112,56,NA,4365,1965,1635,"standard","no","no/optional","no","standard","standard","standard","standard","standard","standard","no","standard","standard",9,"Europe"
"Land Rover","Range Rover Sport","Range Rover Sport 3.0 SDV6 HSE Dynamic 5d","Diesel",64995,6,2993,"4WD",292,442,6.8,130,37,2115,4850,2073,1780,"no","standard","standard","standard","standard","standard","standard","standard","standard","standard","standard","standard","standard",8,"Europe"
"Lexus","CT 200h","CT 200h Luxury 5d","Petrol",25995,4,1798,"Front",136,104,10.3,111,68,1370,4320,1765,1430,"no","standard","standard","standard","standard","standard","standard","no","standard","standard","standard","optional","standard",4,"Asia"
"Lexus","GS","GS 300h Premier 4d","Petrol",43745,4,2494,"Rear",220,163,9.2,119,57,1730,4850,1840,1455,"no","no","no/optional","standard","no","no","no","no","no","no","no","no","no",5,"Asia"
"Lexus","IS","IS 5.0 V8 F","Petrol",58416,8,4969,"Rear",417,372,4.8,168,24,1700,4660,1815,1405,"no","standard","standard","standard","standard","standard","standard","standard","standard","standard","standard","standard","standard",5,"Asia"
"Lexus","RX","RX 450h Luxury 5d","Petrol",48495,6,3456,"4WD",295,233,7.8,124,44,2110,4770,1885,1755,"standard","standard","standard","standard","standard","standard","standard","standard","standard","standard","standard","standard","standard",5,"Asia"
"Lotus","Elise","Elise 0.0 S 2d","Petrol",36200,4,NA,"Rear",NA,NA,0,NA,NA,876,3785,1850,1117,"no","no","standard","no","no","no","no","no","optional","no","no","no","no",8,"Europe"
"Lotus","Evora","Evora 3.5 S 2d","Petrol",60550,6,3456,"Rear",345,295,4.6,172,28,1436,4360,1850,1229,"no","standard","no/optional","optional","optional","no","optional","no","standard","optional","standard","no","standard",8,"Europe"
"Lotus","Exige S","Exige S 3.5 V6 Standard 2d","Petrol",52900,6,3456,"Rear",345,295,4,170,28,NA,4050,1800,1150,"no","no","no/optional","no","no","no","no","no","no","no","no","no","no",9,"Europe"
"Maserati","GranTurismo","GranTurismo 4.7 460 Sport 2d","Petrol",90750,8,4691,"Rear",460,383,4.8,185,19,1880,4881,1915,1353,"standard","no","standard","standard","standard","standard","standard","no","no","standard","standard","standard","standard",7,"Europe"
"Maserati","Quattroporte","Quattroporte 3.0 TT V6 4d","Petrol",80070,6,2997,"Rear",410,405,4.9,177,26,1900,5262,1948,1481,"standard","standard","standard","standard","no","standard","standard","no","standard","standard","standard","standard","standard",7,"Europe"
"Mazda","CX-5","CX-5 2.2 SKYACTIV-D 150 4WD SE-L 5d","Diesel",24695,4,2191,"4WD",150,280,9.4,122,54,1605,4555,1840,1710,"standard","standard","standard","optional","standard","no","standard","no","no","standard","standard","optional","standard",7,"Asia"
"Mazda","Mazda3","Mazda3 2.2 150 SKYACTIV-D SE 4d","Petrol",19245,4,2191,"Front",150,280,8,132,72,NA,4585,1795,1450,"no","standard","no/optional","no","standard","no","no","no","no","no","standard","optional","standard",6,"Asia"
"Mazda","MX-5","MX-5 2.0 160 Sport Tech 2d soft-top","Petrol",21495,4,NA,"Rear",160,138,7.6,132,36,NA,NA,NA,NA,"no","no","standard","no","standard","standard","standard","no","standard","no","standard","optional","standard",7,"Asia"
"McLaren","MP4-12C","12C 3.8 V8 TT 625 Standard 2d","Petrol",176000,8,3799,"Rear",625,442,3.1,207,24,1336,4509,1908,1199,"standard","standard","standard","standard","standard","standard","standard","standard","standard","no","standard","standard","standard",9,"Europe"
"Mercedes-Benz","A-Class","A 200 BlueEfficiency AMG Sport 5d","Petrol",24015,4,1595,"Front",156,184,8.4,139,49,NA,4292,1780,1433,"no","standard","standard","optional","standard","optional","standard","optional","no","optional","standard","optional","standard",8,"Europe"
"Mercedes-Benz","B-Class","B 180 CDI Sport 5d","Diesel",23360,4,1796,"Front",109,184,10.9,118,61,1475,4359,1786,1558,"standard","no","no/optional","optional","standard","no","no","no","optional","standard","no","optional","standard",8,"Europe"
"Mercedes-Benz","C-Class","C 200 CDI BlueEfficiency AMG Sport Plus 4d","Petrol",30350,4,2143,"Rear",136,265,9.2,135,57,1565,4591,1770,1447,"standard","standard","no/optional","optional","standard","standard","standard","standard","standard","standard","standard","optional","standard",7,"Europe"
"Mercedes-Benz","C63 AMG","C 63 AMG 4d","Petrol",56575,8,6208,"Rear",457,442,4.5,155,23,1730,4591,1770,1447,"standard","standard","no/optional","standard","standard","standard","standard","standard","standard","standard","standard","optional","standard",8,"Europe"
"Mercedes-Benz","CL-Class","CL 63 AMG 2d","Petrol",115660,8,5461,"Rear",544,590,4.6,155,26,2135,5095,1871,1419,"standard","standard","standard","standard","standard","standard","standard","standard","standard","standard","standard","standard","standard",5,"Europe"
"Mercedes-Benz","CLS Shooting Brake","CLS 250 CDI BlueEfficiency AMG Sport 5d Shooting Brake","Diesel",55995,4,2143,"Rear",204,368,7.8,146,53,NA,4956,1881,1416,"standard","standard","standard","standard","standard","standard","standard","no","standard","standard","standard","standard","standard",8,"Europe"
"Mercedes-Benz","CLS-Class","CLS 350 CDI BlueEfficiency AMG Sport 2d Coupe","Diesel",54235,6,2967,"Rear",265,457,6.2,155,46,NA,4940,1881,1416,"standard","standard","standard","standard","standard","standard","standard","no","standard","standard","standard","standard","standard",8,"Europe"
"Mercedes-Benz","E-Class","E 250 AMG Sport 4d","Petrol",37620,4,1991,"Rear",211,258,7.4,151,47,1680,4879,1854,1474,"standard","standard","standard","standard","standard","standard","standard","no","standard","standard","standard","standard","standard",8,"Europe"
"Mercedes-Benz","E-Class Coupe","E 250 CDI AMG Sport 2d Coupe","Diesel",40730,4,2143,"Rear",204,368,7.3,153,57,1735,4703,1786,1397,"standard","standard","standard","standard","standard","standard","standard","no","standard","standard","standard","standard","standard",6,"Europe"
"Mercedes-Benz","E63 AMG","E 63 AMG 4d","Petrol",73720,8,5461,"Rear",557,531,4.2,155,28,1845,4879,1854,1474,"standard","standard","standard","standard","standard","standard","standard","no","standard","standard","standard","standard","standard",9,"Europe"
"Mercedes-Benz","G-Class","G 350 BlueTec Standard 5d","Diesel",82945,6,2987,"4WD",211,398,9.1,108,25,2500,4662,1760,1951,"no","no","standard","standard","standard","standard","standard","no","standard","standard","standard","standard","standard",3,"Europe"
"Mercedes-Benz","GL-Class","GL 350 BlueTEC AMG Sport 5d","Diesel",59465,6,2987,"4WD",258,457,7.9,137,35,2455,5120,1934,1850,"no","no","no/optional","standard","no","no","no","no","no","no","no","standard","no",7,"Europe"
"Mercedes-Benz","M-Class","ML 350 BlueTec Sport 5d","Diesel",47385,6,2987,"4WD",258,457,7.4,139,39,2175,4804,1926,1796,"standard","standard","standard","standard","standard","standard","standard","standard","standard","standard","standard","standard","standard",7,"Europe"
"Mercedes-Benz","R-Class","R 300 CDI BlueEfficiency 2WD Standard 5d","Diesel",41955,6,2987,"Rear",190,324,9.5,134,37,2110,4922,1922,1674,"standard","standard","standard","standard","standard","standard","standard","standard","standard","standard","standard","standard","standard",6,"Europe"
"Mercedes-Benz","S-Class","S 400 Hybrid L AMG Line 4d","Petrol",74685,6,3498,"Rear",306,272,6.8,155,44,1945,NA,NA,NA,"standard","standard","standard","standard","standard","standard","standard","standard","standard","standard","standard","standard","standard",8,"Europe"
"Mercedes-Benz","SL 63","SL 63 V8 AMG 2d","Petrol",110785,8,5461,"Rear",537,590,4.3,155,28,1845,4617,1877,1315,"standard","standard","standard","standard","standard","standard","standard","standard","standard","standard","standard","standard","standard",8,"Europe"
"Mercedes-Benz","SL-Class","SL 500 2d","Petrol",83495,8,4663,"Rear",435,516,4.6,155,30,1785,4617,1877,1315,"standard","standard","standard","standard","standard","standard","standard","standard","standard","standard","standard","standard","standard",8,"Europe"
"Mercedes-Benz","SLK","SLK 250 BlueEfficiency Sport 2d","Petrol",38300,4,1796,"Rear",204,228,6.5,152,40,1475,4134,1810,1301,"standard","standard","standard","optional","standard","no","no","optional","standard","optional","standard","optional","standard",6,"Europe"
"Mercedes-Benz","SLS","SLS 6.3 V8 AMG 2d Roadster","Petrol",176895,8,6208,"Rear",571,479,3.8,196,21,1620,4638,1939,1262,"standard","standard","standard","standard","standard","standard","standard","standard","standard","standard","standard","standard","standard",9,"Europe"
"Mini","Clubman","MINI Clubman 1.6D 112 Cooper D 2010 5d","Diesel",17120,4,1598,"Front",112,199,10.2,122,72,1185,3961,1683,1426,"optional","standard","standard","optional","optional","optional","no","no","optional","optional","standard","optional","standard",6,"Europe"
"Mini","Convertible","MINI Convertible 1.6D 112 Cooper D 2010 2d","Diesel",18310,4,1598,"Front",112,119,10.3,120,70,1200,3723,1683,1414,"optional","standard","standard","optional","optional","optional","no","no","no","standard","standard","optional","standard",6,"Europe"
"Mini","Countryman","MINI Countryman 1.6D 112 ALL4 Cooper D 5d","Diesel",20300,4,1598,"4WD",112,199,11.6,112,57,1305,4097,1789,1561,"optional","standard","standard","optional","standard","optional","no","no","optional","standard","standard","optional","standard",5,"Europe"
"Mini","Coupe","MINI Coupe 1.6T Cooper S 3d","Petrol",19775,4,1598,"Front",184,192,6.9,143,48,NA,3734,1683,1378,"no","standard","no/optional","no","optional","no","no","no","no","standard","standard","optional","standard",5,"Europe"
"Mini","John Cooper Works","MINI Roadster 1.6T 211 John Cooper Works 2d","Petrol",24850,4,1598,"Front",211,207,6.5,147,38,NA,3758,1683,1391,"no","standard","no/optional","no","optional","optional","no","no","no","standard","standard","optional","standard",8,"Europe"
"Mini","Roadster","MINI Roadster 1.6T 184 Cooper S 2d","Petrol",20900,4,1598,"Front",184,192,7,141,47,NA,3734,1683,1390,"no","standard","no/optional","no","optional","optional","no","no","no","standard","standard","optional","standard",5,"Europe"
"Mitsubishi","ASX","ASX 1.8 DiD 3 5d","Diesel",20774,4,1798,"Front",148,221,9.7,124,51,1450,4295,1770,1625,"standard","standard","no/optional","no","standard","standard","standard","no","no","no","standard","no","standard",4,"Asia"
"Mitsubishi","i-MiEV","i EV i-MiEV 5d",NA,29045,0,NA,"Front",64,132,15.9,91,NA,1110,3475,1475,1610,"standard","no","standard","standard","optional","no","no","no","no","no","no","optional","standard",5,"Asia"
"Mitsubishi","Mirage","Mirage 1.2 2 5d","Petrol",11054,3,1193,"Front",79,78,11.7,112,68,845,3710,1665,1490,"standard","no","no/optional","no","no","no","no","no","no","optional","standard","no","standard",2,"Asia"
"Mitsubishi","Outlander","Outlander 2.2 DI-D GX4 5d","Diesel",30174,4,2268,"4WD",NA,NA,10.2,NA,52,NA,4655,1800,1680,"standard","standard","no/optional","optional","standard","standard","standard","standard","standard","standard","standard","standard","standard",6,"Asia"
"Mitsubishi","Shogun","Shogun 3.2 DI-DC Warrior 3d SWB","Diesel",33924,4,3200,"4WD",197,239,9.7,111,36,2095,4385,1875,1870,"no","standard","no/optional","optional","standard","standard","no","no","standard","standard","standard","standard","standard",3,"Asia"
"Morgan","3 Wheeler","3 Wheeler 2.0 Bespoke 2d","Petrol",30000,2,1968,"Rear",110,100,4.5,120,NA,490,NA,NA,NA,"no","no","no/optional","no","no","no","no","no","optional","no","no","no","no",8,"Europe"
"Morgan","Aero","Aero 4.8 V8 Coupe 2d","Petrol",99950,8,4799,"Rear",367,370,4.5,170,26,1175,4147,1751,1248,"no","no","no/optional","standard","no","no","no","no","standard","no","no","optional","no",8,"Europe"
"Morgan","Roadster","Classic 3.7 Roadster 2d","Petrol",45900,6,3700,"Rear",280,282,5.5,140,28,950,4010,1720,1220,"no","no","no/optional","optional","no","no","no","no","standard","no","no","no","no",4,"Europe"
"Nissan","370Z","370Z 3.7 V6 GT Pack 2d","Petrol",31995,6,3696,"Rear",326,269,5.3,155,26,1496,4250,1845,1315,"standard","no","standard","optional","standard","standard","standard","standard","standard","optional","standard","optional","standard",7,"Asia"
"Nissan","Juke","Juke 1.5 dCi 115 n-tec 5d","Petrol",17690,4,1461,"Front",115,191,11.2,109,67,1295,4135,1765,1570,"no","no","no/optional","no","standard","standard","standard","no","no","no","standard","standard","standard",5,"Asia"
"Nissan","Leaf","LEAF EV Standard 5d",NA,28490,0,NA,"Front",109,206,11.9,90,NA,1525,4445,1770,1550,"no","no","no/optional","standard","standard","standard","standard","no","no","standard","standard","standard","standard",7,"Asia"
"Nissan","Micra","Micra 1.2 DIG-S Visia 5d","Petrol",11250,3,1198,"Front",98,104,11.3,112,68,1040,3780,1675,1520,"no","no","no/optional","optional","standard","no","no","no","no","no","standard","no","standard",4,"Asia"
"Nissan","Note","Note 1.4 n-tec 5d","Petrol",13500,4,1386,"Front",88,94,13.4,101,47,1150,4100,1690,1550,"standard","no","no/optional","no","standard","standard","standard","no","no","standard","standard","standard","standard",5,"Asia"
"Nissan","Pathfinder","Pathfinder 2.5 dCi 190 Acenta 5d","Diesel",32445,4,2488,"4WD",190,331,11,115,33,2090,4813,1848,1785,"standard","no","standard","no","standard","standard","no","no","no","optional","standard","no","standard",6,"Asia"
"Nissan","Qashqai","Qashqai 1.6 117 Tekna 5d","Petrol",21295,4,1598,"Front",117,116,11.9,113,45,1297,4330,1780,1622,"standard","standard","standard","no","standard","standard","standard","no","standard","standard","standard","standard","standard",6,"Asia"
"Nissan","X-Trail","X-Trail 2.0 dCi 173 n-tec+ 5d","Diesel",27790,4,1995,"4WD",173,265,10,124,44,1650,4635,1790,1700,"standard","standard","standard","no","standard","standard","standard","no","no","standard","standard","standard","standard",6,"Asia"
"Noble","M600","M600 4.4 V8 T 650 Standard 2d","Petrol",2e+05,8,4439,"Rear",650,604,3,225,NA,1198,4360,1910,1120,"no","no","no/optional","no","no","no","no","no","standard","no","no","no","standard",9,"Europe"
"Pagani","Huayra","Huayra 6.0 V12 Standard 2d","Petrol",990000,12,5980,"Rear",730,811,3.3,230,23,1350,4605,2036,1169,"no","no","no/optional","standard","no","no","no","no","no","no","no","no","no",8,"Europe"
"Perodua","MYVI","Myvi 1.3 EZi auto 5d","Petrol",8999,4,1298,"Front",85,85,11.3,106,44,950,3720,1665,1550,"no","no","standard","optional","no","no","no","no","no","standard","standard","no","no",2,"Asia"
"Peugeot","107","107 1.0 68 Active 5d","Petrol",9345,3,998,"Front",68,70,14.2,100,65,210,3430,1630,1465,"no","no","no/optional","optional","standard","no","no","no","no","no","standard","no","optional",7,"Europe"
"Peugeot","207 CC","207 CC 1.6 VTi 120 GT 2d","Petrol",18145,4,1598,"Front",120,120,10.7,126,43,1417,4037,1750,1387,"standard","standard","standard","optional","standard","standard","no","no","optional","standard","standard","optional","standard",5,"Europe"
"Peugeot","207 SW","207 SW 1.6 HDi FAP 92 Active 5d","Diesel",15095,4,1560,"Front",92,161,13.3,113,67,1332,4149,1750,1555,"no","standard","no/optional","no","standard","no","optional","no","no","optional","standard","no","optional",5,"Europe"
"Peugeot","208","208 1.6 VTi 120 Allure 3d","Petrol",14645,4,1598,"Front",120,118,10.9,118,48,1080,3965,1739,1460,"standard","standard","no/optional","no","standard","standard","standard","no","no","optional","standard","optional","standard",7,"Europe"
"Peugeot","3008","3008 2.0 HYbrid4 Active 5d","Diesel",26995,4,1997,"4WD",200,221,8.5,118,80,1808,4365,1837,1639,"standard","standard","standard","standard","standard","standard","standard","no","no","standard","standard","optional","standard",5,"Europe"
"Peugeot","308","308 1.6 e-HDi 115 Active 5d","Petrol",18695,4,1560,"Front",115,203,10.2,121,76,1395,4253,1804,1457,"standard","standard","standard","no","standard","standard","standard","no","no","no","standard","standard","standard",5,"Europe"
"Peugeot","308 CC","308 CC 2.0 HDi 150 Active 2d","Diesel",24395,4,1997,"Front",150,260,11.1,129,47,1674,4400,1817,1426,"standard","standard","standard","optional","standard","standard","standard","no","optional","standard","standard","optional","standard",5,"Europe"
"Peugeot","308 SW","308 SW 1.6 e-HDi 112 EGC SS SR 5d","Diesel",19615,4,1560,"Front",112,180,12.3,118,65,1399,4500,1815,1498,"no","standard","no/optional","standard","standard","no","no","no","no","no","standard","standard","standard",4,"Europe"
"Peugeot","5008","5008 1.6 e-HDi 112 FAP EGC SR 5d","Diesel",21595,4,1560,"Front",112,177,12.6,114,57,1688,4530,1830,1638,"no","standard","no/optional","standard","standard","no","no","no","no","no","standard","standard","standard",6,"Europe"
"Peugeot","RCZ","RCZ 1.6 THP 156 GT 2d","Petrol",23995,4,1598,"Front",156,180,8.3,133,44,1394,4290,NA,1352,"standard","standard","standard","optional","standard","standard","standard","standard","standard","standard","standard","optional","standard",7,"Europe"
"Porsche","911","911 3.8 400 Carrera 4S 2d Cabriolet 991","Petrol",96964,6,3800,"4WD",400,324,4.7,183,28,1515,4491,1852,1294,"no","no","standard","optional","optional","no","optional","no","no","optional","standard","standard","standard",9,"Europe"
"Porsche","Boxster","Boxster 2.7 265 Standard 2d","Petrol",38237,6,2706,"Rear",265,206,5.8,164,34,1310,4374,1801,1282,"no","standard","standard","optional","optional","optional","optional","no","optional","optional","standard","optional","standard",9,"Europe"
"Porsche","Cayenne","Cayenne 4.8 V8 420 GTS 5d","Petrol",68117,8,4806,"4WD",420,379,5.7,162,26,2085,4846,1954,1708,"no","no","no/optional","no","no","no","no","no","no","no","no","no","no",7,"Europe"
"Porsche","Panamera","Panamera 3.0 V6 bi-turbo 420 S 5d","Petrol",82079,6,2997,"Rear",420,383,5.1,178,32,1810,5015,1931,1418,"no","standard","no/optional","standard","no","standard","standard","standard","standard","standard","standard","standard","standard",7,"Europe"
"Proton","GEN-2","Gen-2 1.6 GLS 5d","Petrol",10195,4,1597,"Front",110,109,12.6,118,39,1185,4310,1725,1435,"no","standard","standard","no","no","no","no","no","optional","standard","standard","no","no",2,"Asia"
"Proton","Satria-Neo","Satria-Neo 1.6 GSX 3d","Petrol",8495,4,1597,"Front",111,109,11.5,118,42,1170,3905,1710,1420,"no","standard","standard","optional","no","standard","no","no","no","standard","standard","no","no",2,"Asia"
"Proton","Savvy","Savvy 1.2 Style 5d","Petrol",7995,4,1149,"Front",75,77,13.9,98,49,965,3710,1643,1480,"no","no","standard","optional","no","no","no","no","no","standard","standard","no","no",3,"Asia"
"Renault","Clio","Clio 1.5 dCi 90 ECO Expression+ 5d","Diesel",14345,4,1461,"Front",90,162,12,112,88,1071,4062,1731,1448,"no","standard","no/optional","no","standard","no","standard","no","no","no","standard","no","standard",7,"Europe"
"Renault","Megane","Megane 1.5 dCi 110 Stop and Start Dynamique TomTom 5d","Diesel",19800,4,1461,"Front",110,191,12.1,118,80,1215,4302,1808,1471,"standard","standard","standard","no","standard","optional","standard","no","optional","optional","standard","standard","standard",6,"Europe"
"Renault","Scenic/Grand Scenic","Grand Scenic 1.2 TCe 115 S&S Dynamique 5d","Petrol",21450,4,1198,"Front",115,140,12.6,112,47,1491,4573,1845,1671,"standard","standard","no/optional","no","standard","optional","standard","no","no","standard","standard","standard","standard",6,"Europe"
"Renault","Twingo","Twingo 1.2 75 Dynamique 3d","Petrol",10350,4,1149,"Front",75,78,12.3,105,55,950,3687,1654,1470,"no","no","no/optional","no","standard","optional","standard","no","no","no","standard","no","optional",6,"Europe"
"Renault","Twizy","Twizy 13kW Colour",NA,6950,NA,NA,NA,17,42,0,50,NA,450,2337,1237,1461,"no","no","no/optional","standard","no","no","no","no","no","no","no","no","no",7,"Europe"
"Renault","Zoe","Zoe EV Dynamique Intens 5d",NA,20043,NA,NA,"Front",88,162,13.5,84,NA,1468,4084,1730,1562,"standard","standard","no/optional","standard","standard","standard","standard","no","no","standard","standard","standard","standard",NA,"Europe"
"Rolls-Royce","Ghost","Ghost 6.6 V12 Extended Wheelbase 4d","Petrol",229980,12,6592,"Rear",563,575,4.8,155,20,2420,5569,1948,1556,"standard","standard","standard","standard","standard","standard","standard","standard","standard","standard","standard","standard","standard",8,"Europe"
"Rolls-Royce","Phantom","Phantom 6.75 V12 Drophead Coupe 2d","Petrol",352720,12,6749,"Rear",453,531,5.8,150,19,2705,5612,1987,1566,"standard","standard","standard","standard","standard","standard","standard","standard","standard","standard","standard","standard","standard",9,"Europe"
"Rolls-Royce","Phantom Coupe","Phantom 6.75 V12 Coupe 2d","Petrol",333130,12,6749,"Rear",453,531,5.8,155,19,2665,5612,1987,1598,"standard","standard","standard","standard","standard","standard","standard","standard","standard","standard","standard","standard","standard",8,"Europe"
"SEAT","Alhambra","Alhambra 2.0 TDI CR 140 Ecomotive SE 2011 5d","Diesel",26610,4,1968,"Front",140,236,10.9,120,50,1747,4850,1900,1720,"standard","standard","standard","optional","standard","standard","standard","optional","optional","standard","standard","optional","standard",7,"Europe"
"SEAT","Altea","Altea 1.2 TSI 105 SE 5d","Petrol",17785,4,1197,NA,105,129,11.3,114,49,1360,4282,1768,1576,"optional","standard","standard","no","optional","standard","standard","no","no","optional","standard","optional","standard",3,"Europe"
"SEAT","Leon","Leon 1.4 TSI 140 FR 5d","Petrol",19385,4,1395,"Front",140,184,8.2,131,54,1231,4271,1784,1444,"optional","standard","standard","no","standard","standard","standard","no","optional","standard","standard","optional","standard",7,"Europe"
"SEAT","Mii","Mii 1.0 60 SE 3d","Petrol",9275,3,999,"Front",60,70,14.4,99,62,929,3557,1641,1478,"no","no","no/optional","no","optional","no","optional","no","no","optional","standard","optional","standard",8,"Europe"
"SEAT","Toledo","Toledo 1.2 TSI 105 SE 4d","Petrol",16350,4,1197,"Front",105,129,10.3,121,55,1175,4482,1703,1461,"no","standard","no/optional","no","standard","standard","standard","no","no","optional","standard","optional","standard",4,"Europe"
"Skoda","Fabia","Fabia 1.6 TDI CR 105 SE 5d","Diesel",13600,4,1598,"Front",105,184,10.9,117,67,1219,4000,1642,1498,"no","standard","standard","no","optional","no","optional","no","no","optional","standard","optional","optional",7,"Europe"
"Skoda","Octavia","Octavia 1.4 TSI 140 Elegance 5d","Petrol",20240,4,1395,"Front",140,184,8.1,134,53,1180,4659,1814,1461,"no","standard","standard","no","standard","standard","standard","optional","standard","no","standard","standard","standard",7,"Europe"
"Skoda","Roomster","Roomster 1.2 TSI 105 SE 5d","Petrol",14470,4,1197,"Front",105,129,10.9,114,49,1237,4214,1684,1607,"no","standard","standard","optional","optional","optional","optional","no","optional","standard","standard","no","optional",5,"Europe"
"Skoda","Yeti","Yeti 1.2 TSI 105 2WD Elegance 5d","Petrol",18925,4,1197,"Front",105,129,11.8,109,44,1345,4223,1793,1691,"standard","standard","standard","optional","standard","standard","standard","optional","standard","standard","standard","optional","optional",8,"Europe"
"Smart","fortwo","ForTwo 0.0 Electric Drive 2d coupe sale&care",NA,12275,NA,NA,"Rear",73,95,11.5,78,NA,NA,2700,1559,1542,"no","no","no/optional","standard","no","no","optional","no","no","no","standard","standard","standard",6,"Europe"
"Ssangyong","Rodius","Rodius 2.0D ES 5d","Diesel",17995,4,1998,"Rear",155,265,0,105,38,2059,5125,1915,1845,"no","no","standard","optional","standard","standard","no","no","standard","optional","standard","optional","standard",1,"Asia"
"Subaru","BRZ","BRZ 2.0 SE 2d","Petrol",24995,4,1998,"Rear",200,151,7.6,130,36,1200,4240,1775,1425,"no","no","no/optional","optional","no","standard","standard","no","no","no","standard","optional","standard",9,"Asia"
"Subaru","Forester","Forester 2.0 XE Premium 5d","Petrol",27495,4,1995,"4WD",150,146,10.6,118,43,1477,4595,1795,1735,"standard","standard","standard","no","standard","standard","standard","no","no","standard","standard","no","standard",5,"Asia"
"Subaru","Legacy Outback","Outback 2.0D SE 5d","Diesel",30070,4,1998,"4WD",150,258,9.7,120,44,1573,4775,1820,1605,"standard","standard","standard","no","no","standard","standard","standard","no","no","standard","optional","standard",6,"Asia"
"Subaru","XV","XV 2.0D SE 5d","Diesel",23995,4,1998,"4WD",147,258,9.3,120,50,1415,4450,1780,1615,"no","standard","no/optional","no","standard","standard","standard","no","no","no","standard","no","standard",5,"Asia"
"Suzuki","Alto","Alto 1.0 12v SZ3 5d","Petrol",8399,3,996,"Front",68,66,13.5,96,65,NA,3500,1600,1470,"no","no","no/optional","no","no","no","no","no","no","no","standard","no","no",3,"Asia"
"Suzuki","Grand Vitara","Grand Vitara 2.4 SZ4 5d","Petrol",18895,4,2393,"4WD",166,167,11.7,115,32,1569,4500,1880,1695,"no","no","no/optional","no","no","standard","standard","no","no","no","standard","no","standard",3,"Asia"
"Suzuki","Jimny","Jimny 1.3 SZ3 3d","Petrol",11995,4,1328,"4WD",84,81,14.1,87,39,1158,3665,1645,1705,"no","no","no/optional","no","no","no","no","no","no","no","standard","no","no",1,"Asia"
"Suzuki","Splash","Splash 1.2 SZ3 5d","Petrol",10799,4,1242,"Front",94,87,12,109,55,1050,3775,1680,1590,"no","no","no/optional","no","no","no","no","no","no","no","standard","no","no",5,"Asia"
"Suzuki","Swift","Swift 1.2 SZ3 5d","Petrol",12499,4,1242,"Front",94,87,12.3,103,56,1020,3850,1695,1510,"no","no","no/optional","optional","no","no","no","no","no","no","standard","no","standard",6,"Asia"
"Suzuki","Swift Sport","Swift 1.6 136 Sport 3d","Petrol",13749,4,1586,"Front",136,118,8.7,121,44,1045,3890,1695,1510,"standard","standard","standard","no","standard","standard","standard","no","no","no","standard","no","standard",8,"Asia"
"Suzuki","SX4","Sx4 1.6 4WD SZ5 5d","Petrol",15899,4,1586,"4WD",120,115,11.5,109,43,1255,4150,1755,1620,"no","standard","no/optional","no","no","standard","no","no","no","no","standard","no","standard",4,"Asia"
"Toyota","Auris","Auris 1.4 D-4D Icon 5d","Diesel",18495,4,1364,"Front",89,151,12.5,112,72,1290,4275,1760,1450,"no","standard","no/optional","no","standard","no","no","no","no","standard","standard","optional","standard",5,"Asia"
"Toyota","Avensis","Avensis 2.2 D-CAT 150 Icon 4d","Diesel",24545,4,2231,"Front",150,250,9.5,127,44,1600,4710,1810,1480,"standard","standard","no/optional","standard","standard","standard","standard","no","no","no","standard","standard","standard",4,"Asia"
"Toyota","AYGO","Aygo 1.0 68 + 5d","Petrol",9450,3,998,"Front",68,68,14.2,97,65,800,3415,1615,1465,"no","no","no/optional","optional","no","no","no","no","no","no","standard","no","no",7,"Asia"
"Toyota","GT 86","GT 86 2.0 Standard 2d","Petrol",24995,4,1998,"Rear",200,151,7.7,140,36,1238,4240,1775,1285,"no","no","no/optional","optional","no","no","no","no","no","no","no","no","standard",9,"Asia"
"Toyota","iQ","IQ 1.0 IQ2 3d","Petrol",11475,3,996,"Front",67,67,14.7,93,64,845,2985,1680,1500,"no","no","no/optional","optional","optional","no","no","no","optional","optional","standard","optional","standard",7,"Asia"
"Toyota","Land Cruiser","Land Cruiser 3.0 D-4D LC3 5d","Diesel",35350,4,2982,"4WD",171,302,11.7,109,34,2125,4760,1885,1890,"no","standard","standard","standard","standard","standard","standard","no","standard","no","standard","no","standard",5,"Asia"
"Toyota","Land Cruiser V8","Land Cruiser 4.5 V8 5d","Diesel",62285,8,4461,"4WD",286,479,8.9,130,29,2555,4950,1970,1865,"standard","standard","standard","standard","standard","standard","standard","standard","standard","standard","standard","standard","standard",4,"Asia"
"Toyota","Prius","Prius 1.8 Hybrid T Spirit 5d","Petrol",24045,4,1798,"Front",98,104,10.4,112,70,1370,4460,1745,1490,"standard","standard","standard","standard","standard","standard","standard","no","optional","optional","standard","standard","standard",7,"Asia"
"Toyota","RAV4","RAV4 2.2 D-4D 150 AWD Icon 5d","Diesel",26495,4,2231,"4WD",150,250,9.6,118,49,1625,4570,1845,1705,"standard","standard","standard","no","standard","standard","no","no","optional","standard","standard","optional","standard",4,"Asia"
"Toyota","Verso","Verso 1.6 Icon 5d","Petrol",19945,4,1598,"Front",130,118,11.7,115,42,1430,4460,1790,1630,"no","standard","standard","no","standard","standard","standard","no","no","no","standard","optional","standard",5,"Asia"
"Toyota","Yaris","Yaris 1.33 TR 5d","Petrol",13260,4,1329,"Front",98,92,11.7,109,52,1045,3885,1695,1510,"no","no","no/optional","optional","standard","no","no","no","no","standard","standard","no","standard",6,"Asia"
"Vauxhall","Adam","Adam 1.2 ecoFLEX S/S Glam 3d","Petrol",12945,4,1229,"Front",70,85,14.9,102,56,1086,3698,1720,1484,"optional","standard","no/optional","no","standard","standard","standard","no","optional","optional","standard","optional","standard",7,"Europe"
"Vauxhall","Agila","Agila 1.0 68 S 5d","Petrol",10435,3,996,"Front",68,66,14.2,99,60,975,3740,1680,1590,"no","no","no/optional","no","no","no","no","no","no","no","standard","no","optional",5,"Europe"
"Vauxhall","Ampera","Ampera 1.4 EREV Positiv 5d","Petrol",37250,4,1400,"Front",150,273,8.7,100,235,1732,4498,1787,1439,"standard","standard","standard","standard","standard","standard","standard","no","standard","standard","standard","no","standard",7,"Europe"
"Vauxhall","Antara","Antara 2.2 CDTi 163 4WD Exclusiv 5d","Diesel",22360,4,2231,"4WD",163,258,9.9,117,42,1996,4596,1850,1761,"standard","no","no/optional","optional","optional","standard","standard","no","no","standard","standard","optional","standard",4,"Europe"
"Vauxhall","Astra","Astra 1.6 SE 5d","Petrol",20105,4,1598,"Front",115,114,10.9,118,44,NA,4419,1814,1510,"standard","standard","standard","optional","optional","optional","standard","no","no","optional","standard","optional","standard",7,"Europe"
"Vauxhall","Astra GTC","Astra 1.4T 140 S/S SRi 3d GTC","Petrol",20850,4,1364,"Front",140,147,9,125,47,NA,4419,1814,1510,"standard","standard","standard","no","optional","optional","standard","no","optional","optional","standard","optional","standard",8,"Europe"
"Vauxhall","Astra VXR","Astra 2.0T 280 VXR 3d GTC","Petrol",26995,4,1998,"Front",280,295,5.9,155,34,1475,4466,1840,1482,"no","standard","standard","no","standard","optional","no","optional","optional","optional","standard","optional","standard",8,"Europe"
"Vauxhall","Cascada","Cascada 1.6T SIDI 170 SE 2d","Petrol",26505,4,1598,"Front",170,206,9.2,135,39,NA,4696,1839,1445,"optional","standard","standard","standard","optional","optional","standard","no","optional","standard","standard","optional","standard",7,"Europe"
"Vauxhall","Corsa","Corsa 1.2 ecoFlex S/S SXi 5d","Petrol",14720,4,1229,"Front",85,85,13.6,107,55,1055,3999,1737,1488,"optional","standard","no/optional","no","no","optional","standard","no","no","optional","no","optional","optional",5,"Europe"
"Vauxhall","Corsa VXR","Corsa 1.6 T VXR 3d","Petrol",18910,4,1598,"Front",189,169,6.8,140,35,1300,4040,1713,1488,"optional","standard","no/optional","no","optional","optional","no","no","optional","optional","standard","optional","optional",7,"Europe"
"Vauxhall","Insignia","Insignia 2.0 CDTi 160 SE 4d","Diesel",25170,4,1956,"Front",160,258,8.9,135,55,NA,4830,1856,1498,"standard","standard","standard","optional","optional","standard","standard","no","optional","optional","standard","optional","standard",6,"Europe"
"Vauxhall","Insignia Sports Tourer","Insignia 2.0 CDTi 130 ecoFlex S/S SRi 5d Sports Tourer","Diesel",26060,4,1956,"Front",130,221,10.9,124,62,NA,4908,1856,1520,"standard","standard","standard","no","optional","standard","standard","no","optional","optional","standard","optional","standard",6,"Europe"
"Vauxhall","Meriva","Meriva 1.3 CDTi 75 Exclusiv 2010 5d","Diesel",18785,4,1248,"Front",75,132,16.9,99,57,1360,4288,1812,1615,"optional","standard","no/optional","no","optional","optional","standard","no","no","optional","standard","optional","standard",7,"Europe"
"Vauxhall","Mokka","Mokka 1.6 115 S/S SE 5d","Petrol",20495,4,1598,"Front",115,114,12.2,106,43,NA,4280,1775,1645,"standard","standard","standard","no","standard","standard","standard","no","standard","standard","standard","no","standard",4,"Europe"
"Vauxhall","VXR8","VXR8 6.2 V8 Clubsport 4d","Petrol",45000,8,6162,"Rear",431,405,4.9,155,21,1831,4940,1900,1470,"no","no","standard","optional","standard","standard","no","standard","optional","standard","standard","no","standard",7,"Europe"
"Vauxhall","Zafira","Zafira 1.6 Design ESP 5d","Petrol",22305,4,1598,"Front",115,114,12.5,115,42,1430,4467,1781,1645,"no","standard","no/optional","no","optional","no","optional","no","no","optional","standard","optional","standard",4,"Europe"
"Vauxhall","Zafira Tourer","Zafira Tourer 1.4T 140 S/S SE 5d","Petrol",24005,4,1364,"Front",140,162,9.9,126,44,NA,4658,1884,1685,"standard","standard","standard","no","no","standard","standard","no","no","standard","standard","optional","standard",7,"Europe"
"Volkswagen","Beetle","Beetle 2.0 TDI 140 Design 3d","Diesel",20085,4,1968,"Front",140,236,9.4,123,57,1395,4278,1808,1486,"optional","standard","standard","no","standard","optional","optional","no","no","optional","standard","optional","standard",6,"Europe"
"Volkswagen","CC","CC 2.0 TDI 140 BMT GT 4d","Diesel",27570,4,1968,"Front",140,236,9.8,132,60,NA,4802,1855,1417,"standard","standard","standard","optional","standard","no","standard","no","standard","standard","standard","standard","standard",6,"Europe"
"Volkswagen","Eos","Eos 2.0 TSI 210 Sport 2d","Petrol",28050,4,1984,"Front",210,206,7.8,147,39,1563,4423,1791,1444,"standard","standard","standard","optional","standard","optional","optional","optional","optional","standard","standard","optional","standard",7,"Europe"
"Volkswagen","Golf","Golf 1.6 TDI 105 SE 3d","Diesel",20055,4,1598,"Front",105,184,10.7,119,74,1295,4255,1799,1452,"standard","standard","standard","no","standard","optional","standard","no","optional","optional","standard","optional","standard",7,"Europe"
"Volkswagen","Golf Plus","Golf Plus 1.6 TDI 105 BlueTech S 5d","Diesel",19590,4,1598,"Front",105,184,12.1,116,65,1450,4204,1759,1592,"optional","standard","no/optional","optional","no","no","no","no","no","no","standard","no","standard",4,"Europe"
"Volkswagen","Jetta","Jetta 1.4 TSI 160 SE 4d","Petrol",19380,4,1390,"Front",160,177,8.3,137,44,1411,4644,1778,1482,"no","standard","standard","optional","optional","optional","no","no","optional","optional","standard","optional","standard",4,"Europe"
"Volkswagen","Passat","Passat 1.8 TSI 160 Sport 4d","Petrol",23015,4,1798,"Front",160,184,8.5,137,40,1502,4769,1820,1470,"standard","standard","standard","optional","standard","standard","standard","no","optional","optional","standard","standard","standard",6,"Europe"
"Volkswagen","Phaeton","Phaeton 3.0 TDI V6 240 4MOTION LWB 4d","Diesel",50250,6,2967,"4WD",240,367,8.3,147,33,2315,5179,1903,1450,"standard","standard","standard","standard","optional","standard","standard","standard","standard","standard","standard","standard","standard",4,"Europe"
"Volkswagen","Polo","Polo 1.2 TDI 75 Match Edition 3d","Diesel",14265,3,1199,"Front",75,144,13.9,106,72,1199,NA,NA,NA,"no","standard","standard","no","standard","no","standard","no","no","standard","standard","optional","standard",6,"Europe"
"Volkswagen","Scirocco","Scirocco 2.0 TSI 210 GT 3d","Petrol",26510,4,1984,"Front",210,207,6.9,149,38,1373,4256,1810,1404,"standard","standard","standard","optional","standard","standard","optional","optional","standard","standard","standard","standard","standard",8,"Europe"
"Volkswagen","Sharan","Sharan 2.0 TDI 170 SE 2011 5d","Diesel",28325,4,1968,"Front",170,258,9.8,130,48,1794,4854,1904,1720,"standard","standard","standard","optional","standard","standard","standard","standard","optional","standard","standard","optional","standard",7,"Europe"
"Volkswagen","Tiguan","Tiguan 1.4 TSI 160 4Motion SE 5d","Petrol",25110,4,1390,"4WD",160,177,9.2,123,37,1631,4433,1809,1703,"standard","standard","standard","no","standard","standard","optional","optional","optional","standard","standard","optional","standard",6,"Europe"
"Volkswagen","Touareg","Touareg 3.0 V6 TDI 245 Altitude 5d","Diesel",43515,6,2967,"4WD",245,406,7.8,135,39,2174,4795,1940,1732,"standard","standard","standard","standard","standard","standard","standard","optional","standard","standard","standard","standard","standard",7,"Europe"
"Volkswagen","Touran","Touran 1.6 TDI 105 SE 2010 5d","Diesel",21810,4,1598,"Front",105,185,12.8,114,55,1539,4397,1794,1634,"no","standard","standard","optional","optional","optional","standard","no","optional","standard","standard","optional","standard",5,"Europe"
"Volkswagen","Up","Up 1.0 75 High Up 3d","Petrol",10900,3,999,"Front",75,70,13.2,106,60,929,3540,1641,1489,"no","no","no/optional","optional","no","no","optional","no","no","optional","standard","no","standard",8,"Europe"
"Volvo","S60","S60 2.0 D3 136 SE Lux 4d","Diesel",28845,5,1984,"Front",136,258,10.2,127,65,1577,4628,1865,1484,"no","standard","standard","optional","standard","standard","standard","standard","standard","standard","standard","optional","standard",6,"Europe"
"Volvo","S80","S80 2.4 D5 215 SE Lux 4d","Diesel",34320,5,2400,"Front",215,309,7.6,143,61,1671,4851,1861,1493,"standard","standard","standard","no","standard","standard","standard","standard","standard","standard","standard","standard","standard",4,"Europe"
"Volvo","V40","V40 2.0 D4 177 R-Design 5d","Diesel",24795,5,1984,"Front",177,324,8.2,137,65,1484,NA,NA,NA,"no","standard","standard","optional","standard","no","optional","optional","no","optional","standard","optional","standard",9,"Europe"
"Volvo","V60","V60 2.4 D5 215 SE 5d","Diesel",30945,5,2400,"Front",215,309,7.5,143,61,1655,4628,1865,1484,"no","standard","standard","optional","standard","standard","standard","no","optional","standard","standard","optional","standard",6,"Europe"
"Volvo","V70","V70 2.0 D4 163 R-Design 5d","Diesel",31670,5,1984,"Front",163,295,9.9,130,62,1734,4823,1861,1547,"no","standard","standard","no","standard","standard","standard","no","standard","no","standard","optional","standard",5,"Europe"
"Volvo","XC60","XC60 2.4 D5 215 AWD R-Design 5d","Diesel",34945,5,2400,"4WD",215,309,8.4,130,50,1847,4627,1891,1713,"optional","standard","standard","optional","standard","standard","standard","optional","standard","optional","standard","optional","standard",7,"Europe"
"Volvo","XC70","XC70 2.0 D3 DRIVe 163 SE Lux 5d","Diesel",33715,5,1984,"Front",163,295,9.6,127,51,1764,4838,1861,1604,"no","standard","standard","optional","standard","standard","standard","standard","standard","standard","standard","standard","standard",6,"Europe"
"Volvo","XC90","XC90 2.4 D5 200 R-Design 5d","Diesel",41295,5,2400,"4WD",200,309,9.7,127,34,2129,4807,NA,1784,"standard","standard","standard","standard","standard","standard","standard","standard","standard","standard","standard","optional","standard",7,"Europe"
